Country Name,Country Code,Series Name,Series Code,2001 [YR2001],2002 [YR2002],2003 [YR2003],2004 [YR2004],2005 [YR2005],2006 [YR2006],2007 [YR2007],2008 [YR2008],2009 [YR2009],2010 [YR2010],2011 [YR2011],2012 [YR2012],2013 [YR2013],2014 [YR2014],2015 [YR2015],2016 [YR2016],2017 [YR2017],2018 [YR2018],2019 [YR2019],2020 [YR2020],2021 [YR2021],2022 [YR2022],2023 [YR2023],2024 [YR2024],2025 [YR2025]
Afghanistan,AFG,Urban population (% of total population),SP.URB.TOTL.IN.ZS,18.7412381251552,18.9412480133309,19.1600346409089,19.3993593959593,19.7059095753667,20.1104530189181,20.5906579215423,21.1241481349633,21.6885475109053,22.2614799010924,22.8205691572485,23.3434391310979,23.8077136743646,24.1910166387726,24.4649118421568,24.6588345720126,24.8352821238871,24.9991645191406,25.1437258839803,25.2622103446137,25.3478620272481,25.3939250580909,25.4730529631167,25.7007352636188,..
American Samoa,ASM,Urban population (% of total population),SP.URB.TOTL.IN.ZS,88.553433064242,88.4330093344384,88.2572251046343,88.0361455323111,87.7798357749499,87.4983609900321,87.2017863350389,86.9001769674517,86.6035980447517,86.3190673549669,86.0284991724475,85.7161174344451,85.3846465194761,85.0351448001542,84.668670649093,84.2862824389061,83.8890385422071,83.4779973316097,83.0542171797274,82.6240780620716,82.2127091544092,81.794797704649,81.3721542708222,80.9446986961818,..
Albania,ALB,Urban population (% of total population),SP.URB.TOTL.IN.ZS,42.354513990929,43.1520419609419,44.0295089223208,44.9784925669394,45.9937666920583,47.0701050949378,48.2022815728384,49.3850699230207,50.6132439427449,51.8815774292716,53.2917382892465,53.8637553661449,54.2979678058548,54.7325813178673,55.1579291374894,55.5738734464276,55.980276426546,56.377000259892,56.7639071287255,57.1408592155544,57.5077187031778,57.8643477747383,58.2106086137857,58.5463634043555,..
Angola,AGO,Urban population (% of total population),SP.URB.TOTL.IN.ZS,51.7224790407329,52.8926234794038,54.0043545370761,55.0445280863936,56,56.8939032662772,57.7564632930133,58.5851745819614,59.3775316348744,60.1310289535053,60.8431610396073,61.5114223949332,62.1333075212361,62.723115793241,63.51567832685,64.2992302517989,65.0850525086068,65.8732136723372,66.6637823180533,67.4568270208187,68.2524163556969,69.0506188977513,69.8515032220457,70.6551379036435,..
Antigua and Barbuda,ATG,Urban population (% of total population),SP.URB.TOTL.IN.ZS,31.7554348168059,31.2280374899146,30.6003743426951,29.905566716031,29.1737995723752,28.43525787418,27.7201265838981,27.0585906639822,26.4808350768849,26.0170447850587,25.694689859722,25.4555618588267,25.2475667667937,25.0899726107741,25,24.9239807471655,24.8500263836871,24.7781432093764,24.708337524045,24.6406156275043,24.574983819566,24.5114484000414,24.4500156687422,24.3906919254799,..
Aruba,ABW,Urban population (% of total population),SP.URB.TOTL.IN.ZS,65.3351137913914,65.2820691308217,65.1982922587168,65.0886533661558,64.9580226442175,64.811270283981,64.6532664765254,64.4888814129295,64.3229852842726,64.1612965549477,63.9992605838571,63.8252085199599,63.6382914355326,63.4392531303795,63.2288374043053,63.0077880571142,62.7768488886109,62.5367636985996,62.288276286885,62.0028837566365,61.9275339886843,61.8811657924257,61.8351492675589,61.7909396819594,..
Azerbaijan,AZE,Urban population (% of total population),SP.URB.TOTL.IN.ZS,51.1584815979004,51.2144165039062,51.7257995605469,52.2831993103027,52.5028533935547,52.6540145874023,52.8281555175781,53.063304901123,53.1358125434574,53.2848367714869,53.5085461893249,53.8076442276208,54.1821087431318,54.6319175926151,55.1570486328276,55.7574797205266,56.4331887124691,57.1841534654123,58.1308191977779,58.2934691761937,58.3659969744818,58.4382815854684,58.5075350483702,58.573795837717,..
Bangladesh,BGD,Urban population (% of total population),SP.URB.TOTL.IN.ZS,23.6999214768623,24.1132383547332,24.5525557512625,25.0094809886101,25.4769540701509,25.9479149992596,26.415303779311,26.87206041368,27.3111249057412,27.7254372588696,28.1100162712427,28.4787972894576,28.8407036106763,29.1944442321013,29.5395099477892,29.8753915517965,30.2015798381799,30.5175656009959,30.8228396343012,31.1168927321524,31.3992156886061,31.673734726234,32.1578465036834,32.6783196323307,..
Belgium,BEL,Urban population (% of total population),SP.URB.TOTL.IN.ZS,82.3356893921976,82.6509663267055,82.9609538786731,83.2655230829461,83.5645449743707,83.8578905877926,84.1454309580577,84.427037120012,84.7025801085014,84.9719309583717,85.2349607044689,85.4915403816388,85.7415410247275,85.9848336685807,86.2212893480444,86.4507790979645,86.6731739531869,86.8883449485575,87.0961631189222,87.2964994991269,87.4305564090635,87.489200269855,87.551492636772,87.6126557010527,..
Bermuda,BMU,Urban population (% of total population),SP.URB.TOTL.IN.ZS,100,100,100,100,100,100,100,100,100,100,100,100,100,100,100,100,100,100,100,100,100,100,100,100,..
Bosnia and Herzegovina,BIH,Urban population (% of total population),SP.URB.TOTL.IN.ZS,42.8761478375679,43.1975585685863,43.5181993184523,43.8380473519042,44.1570799336802,44.4752743285185,44.7926078011574,45.1090576163352,45.4246010387901,45.7392153332604,46.0528777644843,46.3655655972,46.6954224739896,47.130783484831,47.5711645087011,48.0248845752382,48.4918401819106,48.971927825824,49.4650440037758,49.9710852122997,50.4899479477034,51.0215287060993,51.5657239834305,52.1224302754935,..
Bulgaria,BGR,Urban population (% of total population),SP.URB.TOTL.IN.ZS,69.196711983564,69.4859161376953,69.7808456420898,69.9193344116211,70.0869598388672,70.5075225830078,70.6844177246094,70.902099609375,71.3017349243164,71.5149307250977,72.6101653885532,72.7684860229492,72.9632821572019,73.0844879150391,73.1030578613281,73.1750030517578,73.3904571533203,73.600212097168,73.7162322998047,73.3239898681641,73.346765618041,73.4799164005224,73.7322671584613,73.9499356882481,..
Cabo Verde,CPV,Urban population (% of total population),SP.URB.TOTL.IN.ZS,54.7762172320995,55.5703407979481,56.3297071979641,57.0677167011018,57.7977695763157,58.5332660925599,59.287606518789,60.0741911239572,60.906420177019,61.7974262732302,62.7419929036884,63.7260454520996,64.7486207521826,65.8085112712742,66.9045094767116,68.0354078358316,69.1999988159713,70.3970748844677,71.6254285086577,72.8838521558784,74.1607930892827,75.033738060849,75.9064245753376,76.7721471004354,..
Canada,CAN,Urban population (% of total population),SP.URB.TOTL.IN.ZS,78.8414764949736,79.0990234802234,79.391380674239,79.6923063348315,79.9760615882965,80.219066099279,80.4425615136782,80.6628944916604,80.8591838893921,81.0120892252937,81.1031425434213,81.1513483248791,81.183439957458,81.211183161556,81.2465670276699,81.3023011093703,81.4018945832226,81.5500341646653,81.7363672047941,81.9509888710566,82.1779279079275,82.3500897353968,82.5250564408346,82.7002565766633,..
Chad,TCD,Urban population (% of total population),SP.URB.TOTL.IN.ZS,21.6780982595188,21.7007762031515,21.7207031172239,21.7377792120134,21.7519046977973,21.7629797848529,21.7709046834576,21.7755796038887,21.7784396568755,21.8472378191095,21.9558736797638,22.1061904148178,22.2975929852391,22.5294513486009,22.8011258828974,23.1119734707179,23.461349471105,23.8486084924975,24.2731047386633,24.7341921795416,25.2312246423075,25.7635558629694,26.3305395171046,26.9315292389497,..
China,CHN,Urban population (% of total population),SP.URB.TOTL.IN.ZS,37.6597442626953,39.0897827148438,40.5302314758301,41.7600135803223,42.9899978637695,44.3430099487305,45.8892440795898,46.9895057678223,48.3417053222656,49.2340270628041,51.8300285339355,53.1003112792969,54.4900016784668,55.7502555847168,57.3297843933105,58.8399238586426,60.2402687072754,61.5001983642578,62.7099151611328,63.5234230266258,64.721076965332,65.2176361083984,65.5301448035523,65.8946980998325,..
"Congo, Dem. Rep.",COD,Urban population (% of total population),SP.URB.TOTL.IN.ZS,35.4153526820763,35.937064393184,36.4654627231369,37,37.4018738621901,37.8024827128113,38.201781337298,38.5997245210844,38.9962670496049,39.391363708294,39.7849692825859,40.1770385579151,40.5675263197158,40.9563873534225,41.3435764444694,41.7290483782911,42.1127579403217,42.4946599159958,42.8747090907476,43.2528602500115,43.6290681792218,44.003287663813,44.3754734892194,44.7455804408753,..
Cote d'Ivoire,CIV,Urban population (% of total population),SP.URB.TOTL.IN.ZS,43.4670149035012,43.859032147728,44.2593744150531,44.667357886658,45.082298743724,45.5035131674326,45.930317338965,46.3620274395029,46.7979596502274,47.2374301523201,47.6797551269623,48.1242507553354,48.5702332186208,49.0173144557368,49.4694894689553,49.929991034032,50.3977309654344,50.8718477756395,51.3514799771241,51.8357660823651,52.3183461956059,52.8492549676673,53.4075201638704,53.9733113940142,..
Curacao,CUW,Urban population (% of total population),SP.URB.TOTL.IN.ZS,91.060147058155,91.0970316517813,91.1278267399674,91.1534053060108,91.1746923604573,91.1926129138527,91.2080919767428,91.2220545596735,91.2354256731905,91.2491303278397,91.2639416184104,91.2791300612311,91.2938785868797,91.3082030810948,91.3220471649755,91.3353544596205,91.3480685861287,91.3601331655991,91.3714918191305,91.3820881678218,91.391865832772,91.4007684350799,91.4080929292235,91.4321812441765,..
Denmark,DNK,Urban population (% of total population),SP.URB.TOTL.IN.ZS,85.188307882087,85.3000030517578,85.4199981689453,85.7130276911593,86.0059706832865,86.2501288149818,86.4251464366349,86.583137512207,86.7617653139929,86.8652420043945,87.1567653955846,87.2336196899414,87.5436524760432,87.6823985731907,87.7254056577329,87.6999969482422,88.0161943799509,88.1059762310689,88.2096490810669,88.2394485473632,88.2616449318149,88.3880239837703,88.552638542867,88.6960552688405,..
Dominican Republic,DOM,Urban population (% of total population),SP.URB.TOTL.IN.ZS,62.2979450293469,63.2914022524877,64.426197134766,65.8914085229291,67.5759180469321,69.333853706035,71.0193434994977,72.4865154265802,73.5894974865426,74.1642773174177,74.2440389501301,74.2398679969568,74.2251359951216,74.1931533822153,74.1372305958285,74.0506780735522,73.926806252977,73.7589255716938,73.5403464672933,73.2643793773663,72.9243347395035,72.4203155643711,72.3577991823338,72.4121874752151,..
El Salvador,SLV,Urban population (% of total population),SP.URB.TOTL.IN.ZS,57.4526760394716,58.3486233966841,59.2468576589718,60.1425374326239,61.0308213239291,61.9068679391763,62.7676878093683,63.6372503452723,64.5299047495248,65.4327927543162,66.334413642034,67.2232666950659,68.0878511957995,68.9166664266223,69.6982116699219,70.3990173339844,71.0856704711914,71.7577209472656,72.4148941040039,73.0570220947266,73.6838531494141,74.1465021298679,74.6080675149903,75.0674905102199,..
Estonia,EST,Urban population (% of total population),SP.URB.TOTL.IN.ZS,67.3926456349791,67.4090870965661,67.4341760348669,67.467351453949,67.5080523578799,67.5557177507269,67.6097866365576,67.6696980194394,67.7348909034398,67.8048042926262,67.8775556334506,67.9629593320316,68.0923458296768,68.2668382808032,68.4796609690553,68.724038178078,68.9931941915158,69.2803532930133,69.5787397662154,69.8815778947665,70.1777274135822,70.4892333736738,70.6770085523126,70.6981161541961,..
Faroe Islands,FRO,Urban population (% of total population),SP.URB.TOTL.IN.ZS,35.9342155456543,35.9365425109863,36.1276473999023,36.317985534668,36.3320579528809,36.4584197998047,36.2929878234863,36.4679222106934,36.8888092041016,37.2536926269531,37.2975959777832,37.3244972229004,37.7414817810059,37.9093894958496,38.1431503295898,38.3200225830078,38.3324699401855,38.4058837890625,38.3945655822754,38.6689987182617,38.8083763122559,38.9959824546757,39.1975270123645,39.4132325882965,..
France,FRA,Urban population (% of total population),SP.URB.TOTL.IN.ZS,76.9074413607811,77.2543866607525,77.4691216035138,77.4900500011961,77.4363315105438,77.3467240068648,77.2457976606157,77.1561901569367,77.1005391809676,77.0962844808803,77.1182717387509,77.1669464919916,77.2440721470918,77.3524296788613,77.7610919150066,78.5999114705779,78.6467804026368,78.6714432536599,78.6890784549356,78.7119131765249,78.7364603392338,78.7591921123356,78.7804323126547,78.7999750964116,..
"Gambia, The",GMB,Urban population (% of total population),SP.URB.TOTL.IN.ZS,48.3491979765917,49.5731153377033,50.6010077995371,51.5062022597801,52.3582132660613,53.1603285370566,53.9196109423854,54.6431233516671,55.3379286345209,56.0110896605662,56.6696692994225,57.3207304207091,57.970305611505,58.6141799655551,59.2458499408388,59.8652472486563,60.471712657237,61.0645869348107,61.643210849607,62.2069251698555,62.7550706637859,63.2869880996278,63.8020182456108,64.2994103409645,..
Ghana,GHA,Urban population (% of total population),SP.URB.TOTL.IN.ZS,44.6410507317701,45.3484692124806,46.0547973581418,46.7572004525685,47.4528437795757,48.1388926229785,48.8125122665918,49.4708679942306,50.1111250897099,50.7296926788704,51.3304086646488,51.9197918381031,52.4985794475913,53.0663398797148,53.6226415210752,54.167052758274,54.6991419779128,55.218477566593,55.7246279109161,56.2171613974837,56.6952556826536,57.250609602871,57.8074737774654,58.3654868038581,..
Greenland,GRL,Urban population (% of total population),SP.URB.TOTL.IN.ZS,81.7906112670898,82.0752868652344,82.3485946655273,82.5634307861328,82.6899108886719,82.8471984863281,83.2039566040039,83.621826171875,83.8556137084961,84.2784881591797,84.5286026000977,84.8864593505859,85.3725891113281,85.6772384643555,86.046257019043,86.2261047363281,86.3915557861328,86.72509765625,87.0217895507812,87.2840881978115,87.5452017613678,87.8049405256832,88.0631147749908,88.3195347935238,..
Guatemala,GTM,Urban population (% of total population),SP.URB.TOTL.IN.ZS,44.678095600504,45.7754731938848,46.5865389722105,47.326819486636,48.0557951573834,48.7676356188334,49.4565105053665,50.1165894513633,50.7420420912045,51.3270380592706,51.8657469899423,52.3523385176,52.7809822766245,53.1458479013964,53.4411050262961,53.6609232857043,53.7994723140017,53.845962303542,54.1882267267974,54.5483167911628,54.9047071553758,55.2581228215265,55.6082319565539,55.9547027274763,..
Guyana,GUY,Urban population (% of total population),SP.URB.TOTL.IN.ZS,28.6194627210441,28.4796776810692,28.3083472486662,28.0668850172523,27.7758550706193,27.4604582346121,27.1458953350755,26.8573671978542,26.620074648793,26.4592185137368,26.3999996185303,26.3999996185303,26.4003891353669,26.4018152016157,26.4043918297579,26.4080892882899,26.412905546573,26.4188378517884,26.4258834773058,26.4340397353676,26.443303961947,26.4536735068183,26.4651457279878,26.477717988557,..
"Hong Kong SAR, China",HKG,Urban population (% of total population),SP.URB.TOTL.IN.ZS,100,100,100,100,100,100,100,100,100,100,100,100,100,100,100,100,100,100,100,100,100,100,100,100,..
Guinea,GIN,Urban population (% of total population),SP.URB.TOTL.IN.ZS,31.2176948406254,31.5131362085814,31.8086015036327,32.1032575610216,32.3962712159907,32.6868093037822,32.9740386596386,33.2571261188022,33.5352385165154,33.8075426880206,34.0732054685603,34.3313936933767,34.5812741977122,34.8177920826682,35.0373191833496,35.3100280761719,35.5827331542969,35.8554382324219,36.1281547546387,36.4802208060551,36.8502178436256,37.2384967469106,37.6454083954705,38.0713036688655,..
Guinea-Bissau,GNB,Urban population (% of total population),SP.URB.TOTL.IN.ZS,37.1627839410066,37.4734924367695,37.7773055741583,38.0781980012196,38.3801443659997,38.6871193165452,39.0030975009025,39.3320535671181,39.6716434222135,40.0095596313477,40.4391136169434,40.8686027526855,41.2976379394531,41.7271995544434,42.1568145751953,42.586109161377,43.0155792236328,43.4449081420898,43.8745574951172,44.3038330078125,44.7334136962891,45.1627159118652,45.5923843383789,46.113204421822,..
,,,,,,,,,,,,,,,,,,,,,,,,,,,,
,,,,,,,,,,,,,,,,,,,,,,,,,,,,
,,,,,,,,,,,,,,,,,,,,,,,,,,,,
Data from database: World Development Indicators,,,,,,,,,,,,,,,,,,,,,,,,,,,,
Last Updated: 04/08/2026,,,,,,,,,,,,,,,,,,,,,,,,,,,,
